"Mexican Food","Tailor","Private Elementary School","Barber Shop",
"Super Tacos & Bakery 1762 Columbia Rd NW, Washington, DC 20009, United States is 10 mins away.","Field English Custom Tailors 2134 Wisconsin Ave NW, Washington, DC 20007, United States is 4 mins away.","Aidan Montessori School 2700 27th St NW, Washington, DC 20008, United States is 5 mins away.","La Bella Vita Hair Salon 2601 Calvert St NW, Washington, DC 20008, United States is 5 mins away.",
"Chipotle Mexican Grill 2600 Connecticut Ave NW, Washington, DC 20008, United States is 10 mins away.","Baytok Bespoke Tailoring 1804 Wisconsin Ave NW, Washington, DC 20007, United States is 4 mins away.","Oyster-Adams Bilingual School 2801 Calvert St NW, Washington, DC 20008, United States is 5 mins away.","Giovani Hair Design 1802 Adams Mill Rd NW, Washington, DC 20009, United States is 6 mins away.",
"Johnny Pistolas 2333 18th St NW, Washington, DC 20009, United States is 10 mins away.","Linea Pitti 2128 P St NW, Washington, DC 20037, United States is 5 mins away.","Maret School 3000 Cathedral Ave NW, Washington, DC 20008, United States is 5 mins away.","Wise Owl Club 2010 18th St NW, Washington, DC 20010, United States is 6 mins away.",
"El Rincon Espanol Restaurants 1826 Columbia Rd NW, Washington, DC 20009, United States is 10 mins away.","Michael Andrews Bespoke, Washington, D.C. 1604 17th Street NW, 2nd Floor, Washington, DC 20009, United States is 5 mins away.","Washington International School 3100 Macomb St NW, Washington, DC 20008, United States is 5 mins away.","Eddie's Hair Creations 1718 Florida Ave NW, Washington, DC 20009, United States is 8 mins away.",
"El Tamarindo 1785 Florida Ave NW, Washington, DC 20009, United States is 11 mins away.","Eric Finn Custom Clothiers 1732 Connecticut Ave NW #400, Washington, DC 20009, United States is 6 mins away.","Beauvoir, The National Cathedral Elementary School 3500 Woodley Rd NW, Washington, DC 20016, United States is 6 mins away.","Pan Americana Beauty & Barber 3106 Mt Pleasant St NW, Washington, DC 20010, United States is 10 mins away.",
"Lauriol Plaza 1835 18th St NW, Washington, DC 20009, United States is 11 mins away.","Everard's Clothing 1802 Wisconsin Ave NW, Washington, DC 20007, United States is 6 mins away.","British International School of Washington 2001 Wisconsin Ave NW, Washington, DC 20007, United States is 6 mins away.","Eastern Confederate 3112 Mt Pleasant St NW, Washington, DC 20010, United States is 10 mins away.",
"Haydee's Restaurant 3102 Mt Pleasant St NW, Washington, DC 20010, United States is 12 mins away.","Green and Blue Studio 1350 Connecticut Avenue Northwest #301, Washington, DC 20036, United States is 10 mins away.","Sacred Heart School 1625 Park Road, NW, Washington, DC 20010, United States is 7 mins away.","B&C Hair Style 1811 18th St NW, Washington, DC 20009, United States is 10 mins away.",
"Alero Restaurant 1724 Connecticut Ave NW, Washington, DC 20009, United States is 12 mins away.","Diana's Couture and Bridal 1624 Wisconsin Ave NW, Washington, DC 20007, United States is 12 mins away.","Marie Reed Elementary School 2201 18th St NW, Washington, DC 20009, United States is 7 mins away.","Universal Hair Salon 1648 Columbia Rd NW, Washington, DC 20009, United States is 11 mins away.",
"Don Juan Restaurant 1660 Lamont St NW, Washington, DC 20010, United States is 13 mins away.","Empire Cleaners & Tailors 3710 Macomb St NW, Washington, DC 20016, United States is 13 mins away.","Ross Elementary School 1730 R St NW, Washington, DC 20009, United States is 8 mins away.","Alex's Unisex Hair Salon 3163 Mt Pleasant St NW, Washington, DC 20010, United States is 12 mins away.",
"Ercilia's Restaurant 3070 Mt Pleasant St NW, Washington, DC 20010, United States is 13 mins away.","Tom James Company 1914 Sunderland Pl NW, Washington, DC 20036, United States is 13 mins away.","H.D. Cooke Elementary School 2525 17th St NW, Washington, DC 20009, United States is 9 mins away.","Panamerica Barber Shop 3106 Mt Pleasant St NW, Washington, DC 20010, United States is 12 mins away.",
"Pica taco 1629 Columbia Rd NW, Washington, DC 20009, United States is 13 mins away.","Imperial Valet 1331 Connecticut Ave NW, Washington, DC 20036, United States is 13 mins away.","Oyster Adams middle school 2020 19th St NW, Washington, DC 20009, United States is 9 mins away.","Hair Cuttery 1645 Connecticut Ave NW, Washington, DC 20009, United States is 12 mins away.",
"Chipotle Mexican Grill 1629 Connecticut Ave NW, Washington, DC 20036, United States is 13 mins away.","Kim's Alterations 4115 Wisconsin Ave NW #201, Washington, DC 20016, United States is 15 mins away.","St. Albans School 3001 Mount Saint Alban, Washington, DC 20016, United States is 10 mins away.","Diego's Hair Salon 1901 Q St NW, Washington, DC 20036, United States is 12 mins away.",
"Mission Dupont 1606 20th St NW, Washington, DC 20009, United States is 13 mins away.","Ginger Root Design 1530 U St NW, Washington, DC 20009, United States is 15 mins away.","Eaton Elementary School 3301 Lowell St NW, Washington, DC 20008, United States is 11 mins away.","A & C Salon & Barber Shop 1460 Park Rd NW, Washington, DC 20010, United States is 13 mins away.",
"Pica Taco 1406 Florida Ave NW, Washington, DC 20009, United States is 14 mins away.","European Custom Tailors 3432 Connecticut Ave NW, Washington, DC 20008, United States is 23 mins away.","Bancroft Elementary School 1755 Newton St NW, Washington, DC 20010, United States is 12 mins away.","Bubbles For Hair 3504 Connecticut Ave NW, Washington, DC 20008, United States is 13 mins away.",
"Don Jaime Restaurant 3209 Mt Pleasant St NW, Washington, DC 20010, United States is 14 mins away.",,"Washington International School: Primary School 1690 36th St NW, Washington, DC 20007, United States is 14 mins away.","Camillo Damiano Barber Shop 3921 Windom Pl NW, Washington, DC 20016, United States is 14 mins away.",
"Chipotle Mexican Grill 3420 Connecticut Ave NW, Washington, DC 20008, United States is 14 mins away.",,"Annunciation Catholic School 3825 Klingle Pl NW, Washington, DC 20016, United States is 14 mins away.","Cut N Edge Family Barbershop 4481 Connecticut Ave NW, Washington, DC 20008, United States is 14 mins away.",
"Alero Restaurant 3500 Connecticut Ave NW, Washington, DC 20008, United States is 14 mins away.",,"National Cathedral School 3612 Woodley Rd NW, Washington, DC 20016, United States is 14 mins away.","Tony's Barber Shop 4444 Connecticut Ave NW # 108, Washington, DC 20008, United States is 14 mins away.",
"Marleny Restaurant 3201 Mt Pleasant St NW, Washington, DC 20010, United States is 14 mins away.",,"St. Augustine Catholic School 1421 V St NW, Washington, DC 20009, United States is 15 mins away.","Salon ILO 1637 Wisconsin Ave NW, Washington, DC 20007, United States is 14 mins away.",
"Crios 2120 P St NW, Washington, DC 20037, United States is 16 mins away.",,"Sheridan School 4400 36th St NW, Washington, DC 20008, United States is 15 mins away.","Mon Salon 1620 Wisconsin Ave NW, Washington, DC 20007, United States is 14 mins away.",
"Judy Restaurant 2212 14th St NW, Washington, DC 20009, United States is 17 mins away.",,"D.C. Opportunity Scholarship Program 1400 16th St NW #500, Washington, DC 20036, United States is 15 mins away.","Roosters Men's Grooming Center Georgetown, 1815 Wisconsin Ave NW, Washington, DC 20007, United States is 17 mins away.",
