"Dunkin' Donuts","Taco Bell",
"Dunkin' Donuts 1101 14th St NW Ste 102, Washington, DC 20005, United States is 11 mins away.","Taco Bell 50 Massachusetts Ave NE, Washington, DC 20002, United States is 16 mins away.",
"Dunkin' Donuts 601 F Street NW, Verizon Center Retail, Washington, DC 20004, United States is 16 mins away.","Taco Bell 1400 Pentagon Pedestrian Tunnel, Washington, DC 20310, United States is 17 mins away.",
"Dunkin' Donuts 1210 G St NW, Washington, DC 20005, United States is 16 mins away.","Taco Bell 1944 Bladensburg Rd NE, Washington, DC 20002, United States is 17 mins away.",
"Dunkin' Donuts 1700 K St NW, Washington, DC 20006, United States is 16 mins away.","Taco Bell 1100 S Hayes St, Arlington, VA 22202, United States is 20 mins away.",
"Dunkin' Donuts 2633 Connecticut Ave NW, Washington, DC 20008, United States is 16 mins away.","Taco Bell 4923 Lee Hwy, Arlington, VA 22207, United States is 21 mins away.",
"Dunkin' Donuts 2001 14th St NW, Washington, DC 20009, United States is 17 mins away.","Taco Bell United States is 22 mins away.",
"Dunkin' Donuts 1739 New Jersey Ave, Washington, DC 20001, United States is 17 mins away.","Taco Bell 7720 Blair Rd, Silver Spring, MD 20912, United States is 23 mins away.",
"Dunkin' Donuts 616 23rd St NW, Washington, DC 20052, United States is 17 mins away.","Taco Bell 4021 Bladensburg Rd, Colmar Manor, MD 20722, United States is 26 mins away.",
"Dunkin' Donuts 2025 E St NW, American Red Cross Building, Washington, DC 20006, United States is 17 mins away.","Taco Bell The Mall at Prince Georges, 3500 East-West Hwy, Hyattsville, MD 20782, United States is 30 mins away.",
"Dunkin' Donuts 175 N Street NE, Metro Railroad, Washington, DC 20002, United States is 18 mins away.","Taco Bell 935 W Broad St, Falls Church, VA 22046, United States is 31 mins away.",
"Dunkin' Donuts 2750 14th St NW, Washington, DC 20009, United States is 18 mins away.","Taco Bell 8428 Baltimore Ave, College Park, MD 20740, United States is 32 mins away.",
"Dunkin Donuts 850 Quincy St NW, Washington, DC 20011, United States is 20 mins away.","Taco Bell 1934 14th St NW, Washington, DC 20009, United States is 32 mins away.",
"Dunkin' Donuts 2201 Wilson Blvd, Arlington, VA 22201, United States is 21 mins away.","Taco Bell 2020 Wilson Blvd, Arlington, VA 22201, United States is 35 mins away.",
"Dunkin' Donuts 451 7th St SW, Washington, DC 20410, United States is 22 mins away.","Taco Bell 7900 New Hampshire Ave, Hyattsville, MD 20783, United States is 1 day 14 hours away.",
"Dunkin' Donuts 101 Independence Ave SE, Library of Congress, Washington, DC 20540, United States is 22 mins away.",,
"Dunkin' Donuts 3520 Lee Hwy, Arlington, VA 22207, United States is 22 mins away.",,
"Dunkin' Donuts Shirley Memorial Hwy, Pentagon, Washington, DC 20301, United States is 23 mins away.",,
"Dunkin' Donuts 801 Pennsylvania Avenue SE, Washington, DC 20003, United States is 24 mins away.",,
"Dunkin' Donuts 1335 10th St SE, Washington Navy Yard, Bldg 184, Washington, DC 20374, United States is 24 mins away.",,
"Dunkin' Donuts 1413 S Fern St Unit 6, Arlington, VA 22202, United States is 27 mins away.",,
